{
    "grid_shape": [
        862,
        556
    ],
    "meta": {
        "transform": [
            30.0,
            0.0,
            485315.57599399233,
            0.0,
            -30.0,
            1539958.3942519624
        ],
        "crs": "EPSG:32651",
        "width": 556,
        "height": 862
    },
    "n_active_cells": 68276
}